mandelbrot ; 69.477188110351562500, 58.765838623046875000, 0.985519409179687500,  ,  2695.42 
mandelbrot ; 70.824218750000000000, 59.984573364257812500, 0.981201171875000000,  ,  2694.55 
mandelbrot ; 71.882431030273437500, 60.868194580078125000, 1.021575927734375000,  ,  2698.47 
mandelbrot ; 72.911560058593750000, 61.424530029296875000, 1.395278930664062500,  ,  2697.11 
mandelbrot ; 73.667175292968750000, 62.264053344726562500, 1.206939697265625000,  ,  2696.86 
mandelbrot ; 74.924575805664062500, 63.318450927734375000, 1.293823242187500000,  ,  2696.97 
mandelbrot ; 76.564773559570312500, 64.418701171875000000, 1.712860107421875000,  ,  2699.48 
mandelbrot ; 77.333206176757812500, 65.298110961914062500, 1.487808227539062500,  ,  2697.15 
mandelbrot ; 74.759246826171875000, 62.121032714843750000, 1.579650878906250000,  ,  2815.67 
mandelbrot ; 73.382522583007812500, 60.195449829101562500, 1.932601928710937500,  ,  2861.28 
mandelbrot ; 76.606231689453125000, 63.779174804687500000, 1.675567626953125000,  ,  2803.07 
mandelbrot ; 72.751251220703125000, 59.169326782226562500, 2.044052124023437500,  ,  2907.54 
mandelbrot ; 72.556915283203125000, 59.229660034179687500, 1.753051757812500000,  ,  2911.07 
mandelbrot ; 73.699096679687500000, 60.096786499023437500, 2.072387695312500000,  ,  2897.45 
mandelbrot ; 72.543609619140625000, 59.260635375976562500, 1.698928833007812500,  ,  2908.93 
mandelbrot ; 71.823944091796875000, 58.144653320312500000, 2.062835693359375000,  ,  2926.32 
mandelbrot ; 68.677261352539062500, 55.525451660156250000, 1.273910522460937500,  ,  3018.41 
mandelbrot ; 73.019302368164062500, 60.378448486328125000, 1.257247924804687500,  ,  2882.98 
mandelbrot ; 73.607528686523437500, 61.012985229492187500, 1.258422851562500000,  ,  2863.94 
mandelbrot ; 75.192550659179687500, 62.518249511718750000, 1.291870117187500000,  ,  2861.11 
mandelbrot ; 71.414733886718750000, 58.532089233398437500, 1.273040771484375000,  ,  2936.27 
mandelbrot ; 72.092147827148437500, 59.278442382812500000, 1.288894653320312500,  ,  2912.19 
mandelbrot ; 68.673217773437500000, 55.527465820312500000, 1.269424438476562500,  ,  3019.37 
mandelbrot ; 72.531356811523437500, 59.816406250000000000, 1.265197753906250000,  ,  2898.86 
mandelbrot ; 72.335739135742187500, 59.589355468750000000, 1.269378662109375000,  ,  2903.68 
mandelbrot ; 73.163711547851562500, 60.489898681640625000, 1.265960693359375000,  ,  2877.99 
mandelbrot ; 75.398666381835937500, 62.786071777343750000, 1.303527832031250000,  ,  2839.32 
mandelbrot ; 71.816848754882812500, 58.883972167968750000, 1.300674438476562500,  ,  2931.08 
mandelbrot ; 71.088562011718750000, 58.141433715820312500, 1.286514282226562500,  ,  2942.98 
mandelbrot ; 71.947540283203125000, 59.065277099609375000, 1.303176879882812500,  ,  2921.64 
fannkuch-redux ; 387.466659545898437500, 329.966400146484375000, 7.413681030273437500,  ,  12776.5 
fannkuch-redux ; 371.842681884765625000, 309.008422851562500000, 8.652130126953125000,  ,  13603.4 
fannkuch-redux ; 364.577056884765625000, 299.863372802734375000, 8.969573974609375000,  ,  13931.6 
fannkuch-redux ; 359.410705566406250000, 296.487808227539062500, 7.369125366210937500,  ,  13857.6 
fannkuch-redux ; 358.102539062500000000, 296.233734130859375000, 6.104949951171875000,  ,  13922 
fannkuch-redux ; 355.607147216796875000, 293.616836547851562500, 6.061157226562500000,  ,  13972.3 
fannkuch-redux ; 358.279953002929687500, 296.333145141601562500, 6.067138671875000000,  ,  13946.7 
fannkuch-redux ; 356.930572509765625000, 295.271072387695312500, 6.064392089843750000,  ,  13865.1 
fannkuch-redux ; 353.648513793945312500, 291.690002441406250000, 6.110214233398437500,  ,  13958.4 
fannkuch-redux ; 360.191711425781250000, 298.304244995117187500, 6.092697143554687500,  ,  13939.8 
fannkuch-redux ; 355.082290649414062500, 293.213684082031250000, 6.137054443359375000,  ,  13917.5 
fannkuch-redux ; 354.950531005859375000, 293.031738281250000000, 6.089981079101562500,  ,  13948 
fannkuch-redux ; 354.166976928710937500, 292.031967163085937500, 6.194091796875000000,  ,  13991.2 
fannkuch-redux ; 354.382843017578125000, 292.580001831054687500, 6.100280761718750000,  ,  13906.5 
fannkuch-redux ; 353.821929931640625000, 291.768539428710937500, 6.122390747070312500,  ,  13974.7 
fannkuch-redux ; 356.955429077148437500, 294.805984497070312500, 6.143493652343750000,  ,  13985 
fannkuch-redux ; 354.316085815429687500, 292.230178833007812500, 6.082122802734375000,  ,  13981.6 
fannkuch-redux ; 353.896423339843750000, 291.427322387695312500, 6.535202026367187500,  ,  13960.5 
fannkuch-redux ; 354.094924926757812500, 292.272537231445312500, 6.110305786132812500,  ,  13903.4 
fannkuch-redux ; 356.188812255859375000, 294.346740722656250000, 6.135803222656250000,  ,  13878.2 
fannkuch-redux ; 354.562530517578125000, 292.243667602539062500, 6.176086425781250000,  ,  13992.3 
fannkuch-redux ; 355.427963256835937500, 292.775482177734375000, 6.586410522460937500,  ,  13974.4 
fannkuch-redux ; 355.995529174804687500, 293.834457397460937500, 6.125289916992187500,  ,  13979.1 
fannkuch-redux ; 355.661132812500000000, 293.355834960937500000, 6.120895385742187500,  ,  14027 
fannkuch-redux ; 354.618240356445312500, 292.331008911132812500, 6.181564331054687500,  ,  14006 
fannkuch-redux ; 354.417495727539062500, 291.752563476562500000, 6.600616455078125000,  ,  13988.4 
fannkuch-redux ; 355.758224487304687500, 293.640655517578125000, 6.129852294921875000,  ,  13980.9 
fannkuch-redux ; 354.904541015625000000, 292.969253540039062500, 6.112121582031250000,  ,  13949.1 
fannkuch-redux ; 354.790145874023437500, 292.302444458007812500, 6.192520141601562500,  ,  14057.9 
fannkuch-redux ; 353.934310913085937500, 292.025222778320312500, 6.126419067382812500,  ,  13915.4 
n-body ; 105.785873413085937500, 84.474594116210937500, 2.667129516601562500,  ,  4895.27 
n-body ; 106.375900268554687500, 85.144577026367187500, 2.385375976562500000,  ,  4914.71 
n-body ; 107.310607910156250000, 85.730773925781250000, 2.774307250976562500,  ,  4899.92 
n-body ; 109.031585693359375000, 86.912521362304687500, 2.909820556640625000,  ,  4985.22 
n-body ; 108.956466674804687500, 86.681854248046875000, 3.301666259765625000,  ,  4907.74 
n-body ; 105.754867553710937500, 83.254104614257812500, 2.970169067382812500,  ,  5037.43 
n-body ; 105.334930419921875000, 82.549041748046875000, 3.327545166015625000,  ,  5033.26 
n-body ; 105.567794799804687500, 83.238922119140625000, 2.969329833984375000,  ,  5011.26 
n-body ; 106.583633422851562500, 83.848434448242187500, 3.327331542968750000,  ,  5016.68 
n-body ; 105.024719238281250000, 82.518600463867187500, 2.984954833984375000,  ,  5052.22 
n-body ; 105.510192871093750000, 83.774948120117187500, 2.557846069335937500,  ,  4967.68 
n-body ; 105.270736694335937500, 83.686630249023437500, 2.215209960937500000,  ,  5018.79 
n-body ; 104.489959716796875000, 83.078201293945312500, 2.192260742187500000,  ,  4983.29 
n-body ; 105.022949218750000000, 83.580520629882812500, 2.169494628906250000,  ,  4994.53 
n-body ; 106.116271972656250000, 84.630813598632812500, 2.170776367187500000,  ,  5000.51 
n-body ; 105.340225219726562500, 83.836761474609375000, 2.148590087890625000,  ,  5013.04 
n-body ; 105.483795166015625000, 84.136428833007812500, 2.138763427734375000,  ,  4976.21 
n-body ; 104.965560913085937500, 83.538742065429687500, 2.135528564453125000,  ,  5000.36 
n-body ; 105.732543945312500000, 84.340194702148437500, 2.150390625000000000,  ,  4987.16 
n-body ; 102.394134521484375000, 79.572784423828125000, 2.321105957031250000,  ,  5157.03 
n-body ; 107.873977661132812500, 86.250503540039062500, 2.142791748046875000,  ,  5060.76 
n-body ; 100.929992675781250000, 79.069808959960937500, 2.085983276367187500,  ,  5149.04 
n-body ; 102.305358886718750000, 80.630767822265625000, 2.070037841796875000,  ,  5106.89 
n-body ; 109.132934570312500000, 87.112625122070312500, 2.340637207031250000,  ,  4911.8 
n-body ; 107.060104370117187500, 84.678680419921875000, 2.347396850585937500,  ,  5003.25 
n-body ; 100.223632812500000000, 77.203414916992187500, 2.217391967773437500,  ,  5266.11 
n-body ; 106.348495483398437500, 84.134338378906250000, 2.247848510742187500,  ,  5021.07 
n-body ; 104.802154541015625000, 83.494262695312500000, 2.039978027343750000,  ,  5015.78 
n-body ; 104.362884521484375000, 82.108871459960937500, 2.208190917968750000,  ,  5066.06 
n-body ; 108.199234008789062500, 86.256423950195312500, 2.282775878906250000,  ,  4925.68 
fasta ; 33.387817382812500000, 28.302780151367187500, 0.485473632812500000,  ,  1171.15 
fasta ; 33.180953979492187500, 28.088333129882812500, 0.505294799804687500,  ,  1151.73 
fasta ; 32.851196289062500000, 27.560791015625000000, 0.846328735351562500,  ,  1113.72 
fasta ; 31.416671752929687500, 26.296493530273437500, 0.506103515625000000,  ,  1159.95 
fasta ; 33.293914794921875000, 27.284118652343750000, 0.919311523437500000,  ,  1276.89 
fasta ; 30.475708007812500000, 24.526382446289062500, 0.892578125000000000,  ,  1276.34 
fasta ; 35.986862182617187500, 29.016876220703125000, 1.514328002929687500,  ,  1342.11 
fasta ; 40.951980590820312500, 32.409347534179687500, 2.372573852539062500,  ,  1484.33 
fasta ; 36.888885498046875000, 29.791000366210937500, 1.591598510742187500,  ,  1332.41 
fasta ; 31.684341430664062500, 26.487274169921875000, 0.575408935546875000,  ,  1143.14 
fasta ; 32.056121826171875000, 25.859390258789062500, 0.987991333007812500,  ,  1286.7 
fasta ; 30.797515869140625000, 24.744094848632812500, 0.965454101562500000,  ,  1259.05 
fasta ; 29.053817749023437500, 23.371261596679687500, 0.563613891601562500,  ,  1276.74 
fasta ; 28.710494995117187500, 22.634841918945312500, 0.924118041992187500,  ,  1281.01 
fasta ; 30.215530395507812500, 24.237380981445312500, 0.948043823242187500,  ,  1251.33 
fasta ; 29.120773315429687500, 23.489883422851562500, 0.556167602539062500,  ,  1250.74 
fasta ; 29.462020874023437500, 23.480178833007812500, 0.962524414062500000,  ,  1245.64 
fasta ; 28.826431274414062500, 23.142822265625000000, 0.598007202148437500,  ,  1262.89 
fasta ; 29.715560913085937500, 23.774597167968750000, 0.963531494140625000,  ,  1233.23 
fasta ; 31.031204223632812500, 24.950836181640625000, 0.610885620117187500,  ,  1358 
fasta ; 29.259475708007812500, 23.149780273437500000, 0.962692260742187500,  ,  1279.36 
fasta ; 27.853759765625000000, 21.853683471679687500, 0.821166992187500000,  ,  1292.51 
fasta ; 27.691452026367187500, 21.828262329101562500, 0.669830322265625000,  ,  1297.56 
fasta ; 30.672424316406250000, 24.491134643554687500, 0.960937500000000000,  ,  1297.45 
fasta ; 30.215942382812500000, 24.369430541992187500, 0.601074218750000000,  ,  1299.61 
fasta ; 29.261901855468750000, 23.134902954101562500, 0.967102050781250000,  ,  1280.23 
fasta ; 28.967590332031250000, 22.764495849609375000, 0.971588134765625000,  ,  1297.73 
fasta ; 27.547195434570312500, 21.631301879882812500, 0.740585327148437500,  ,  1291.02 
fasta ; 28.943008422851562500, 22.961380004882812500, 0.783523559570312500,  ,  1295.44 
fasta ; 29.818939208984375000, 23.858566284179687500, 0.959259033203125000,  ,  1241.44 
pidigits ; 24.926055908203125000, 20.534362792968750000, 0.425674438476562500,  ,  1013.56 
pidigits ; 22.170974731445312500, 17.828536987304687500, 0.609725952148437500,  ,  978.799 
pidigits ; 22.320709228515625000, 18.008865356445312500, 0.540115356445312500,  ,  987.91 
pidigits ; 22.471633911132812500, 17.990219116210937500, 0.732986450195312500,  ,  980.342 
pidigits ; 22.218902587890625000, 18.026168823242187500, 0.400863647460937500,  ,  990.77 
pidigits ; 21.998519897460937500, 17.852737426757812500, 0.400558471679687500,  ,  974.728 
pidigits ; 22.272125244140625000, 18.079681396484375000, 0.403045654296875000,  ,  986.024 
pidigits ; 22.004776000976562500, 17.859024047851562500, 0.398925781250000000,  ,  974.576 
pidigits ; 22.167953491210937500, 18.004211425781250000, 0.402084350585937500,  ,  977.684 
pidigits ; 21.953536987304687500, 17.761642456054687500, 0.408523559570312500,  ,  983.994 
pidigits ; 22.153274536132812500, 17.989151000976562500, 0.408767700195312500,  ,  975.811 
pidigits ; 22.241500854492187500, 18.067199707031250000, 0.413238525390625000,  ,  977.472 
pidigits ; 22.208770751953125000, 18.033935546875000000, 0.416381835937500000,  ,  975.501 
pidigits ; 22.257461547851562500, 18.079193115234375000, 0.418121337890625000,  ,  977.051 
pidigits ; 21.919448852539062500, 17.711044311523437500, 0.417739868164062500,  ,  984.215 
pidigits ; 22.080154418945312500, 17.864425659179687500, 0.425277709960937500,  ,  983.832 
pidigits ; 20.616195678710937500, 16.095581054687500000, 0.431808471679687500,  ,  1060.49 
pidigits ; 19.577651977539062500, 14.837371826171875000, 0.444976806640625000,  ,  1091.44 
pidigits ; 21.058563232421875000, 16.715164184570312500, 0.414672851562500000,  ,  1018.32 
pidigits ; 22.126266479492187500, 17.966003417968750000, 0.418502807617187500,  ,  974.509 
pidigits ; 21.912429809570312500, 17.645904541015625000, 0.427917480468750000,  ,  995.271 
pidigits ; 22.235153198242187500, 18.002593994140625000, 0.429840087890625000,  ,  988.15 
pidigits ; 22.339385986328125000, 18.132537841796875000, 0.428436279296875000,  ,  975.789 
pidigits ; 22.499649047851562500, 18.270217895507812500, 0.431869506835937500,  ,  978.93 
pidigits ; 22.330001831054687500, 18.131195068359375000, 0.433364868164062500,  ,  975.182 
pidigits ; 22.371398925781250000, 18.102752685546875000, 0.439559936523437500,  ,  986.072 
pidigits ; 22.174682617187500000, 17.901916503906250000, 0.442916870117187500,  ,  986.6 
pidigits ; 21.413116455078125000, 17.022644042968750000, 0.440780639648437500,  ,  1019.72 
pidigits ; 21.640029907226562500, 17.288696289062500000, 0.440536499023437500,  ,  1010.91 
pidigits ; 21.390762329101562500, 17.017227172851562500, 0.436828613281250000,  ,  1016.91 
spectral-norm ; 59.985076904296875000, 49.029663085937500000, 1.250106811523437500,  ,  2503.11 
spectral-norm ; 60.667449951171875000, 49.530227661132812500, 1.385650634765625000,  ,  2498.81 
spectral-norm ; 61.305786132812500000, 50.118072509765625000, 1.390960693359375000,  ,  2501.4 
spectral-norm ; 61.634872436523437500, 50.381332397460937500, 1.404266357421875000,  ,  2498.8 
spectral-norm ; 62.336059570312500000, 50.643905639648437500, 1.786941528320312500,  ,  2501.86 
spectral-norm ; 62.173675537109375000, 50.744537353515625000, 1.474075317382812500,  ,  2505.33 
spectral-norm ; 62.853256225585937500, 51.370025634765625000, 1.508193969726562500,  ,  2499.24 
spectral-norm ; 62.513992309570312500, 50.391967773437500000, 1.922424316406250000,  ,  2557.9 
spectral-norm ; 62.904159545898437500, 51.281921386718750000, 1.541290283203125000,  ,  2524.79 
spectral-norm ; 62.359039306640625000, 50.602050781250000000, 1.549880981445312500,  ,  2554.31 
spectral-norm ; 59.444976806640625000, 47.388061523437500000, 1.551147460937500000,  ,  2639.16 
spectral-norm ; 60.669769287109375000, 48.369750976562500000, 1.903152465820312500,  ,  2608.66 
spectral-norm ; 61.030609130859375000, 49.122131347656250000, 1.534210205078125000,  ,  2599.28 
spectral-norm ; 60.557357788085937500, 48.623107910156250000, 1.533523559570312500,  ,  2606.31 
spectral-norm ; 60.954086303710937500, 48.542739868164062500, 1.916595458984375000,  ,  2632.35 
spectral-norm ; 60.973281860351562500, 49.078063964843750000, 1.543289184570312500,  ,  2596.97 
spectral-norm ; 60.798309326171875000, 48.858245849609375000, 1.551498413085937500,  ,  2604.71 
spectral-norm ; 60.430664062500000000, 48.475509643554687500, 1.545135498046875000,  ,  2613.55 
spectral-norm ; 60.970001220703125000, 48.666671752929687500, 1.915679931640625000,  ,  2605.32 
spectral-norm ; 60.915100097656250000, 49.008209228515625000, 1.539993286132812500,  ,  2599.95 
spectral-norm ; 60.307785034179687500, 48.779861450195312500, 1.133926391601562500,  ,  2606.36 
spectral-norm ; 60.253280639648437500, 48.734176635742187500, 1.132141113281250000,  ,  2607.49 
spectral-norm ; 60.320602416992187500, 48.752212524414062500, 1.160568237304687500,  ,  2609.6 
spectral-norm ; 62.308898925781250000, 51.037094116210937500, 1.135040283203125000,  ,  2536.02 
spectral-norm ; 61.906631469726562500, 50.477005004882812500, 1.150756835937500000,  ,  2572.38 
spectral-norm ; 58.879333496093750000, 47.244201660156250000, 1.127395629882812500,  ,  2641.39 
spectral-norm ; 60.666061401367187500, 49.160736083984375000, 1.134902954101562500,  ,  2597.9 
spectral-norm ; 60.339660644531250000, 48.794036865234375000, 1.135086059570312500,  ,  2610.75 
spectral-norm ; 60.639678955078125000, 49.157501220703125000, 1.134567260742187500,  ,  2595.26 
spectral-norm ; 60.854217529296875000, 49.398849487304687500, 1.132675170898437500,  ,  2588.6 
regex-redux ; 39.351684570312500000, 33.110214233398437500, 0.593185424804687500,  ,  1370.54 
regex-redux ; 39.641983032226562500, 33.315628051757812500, 0.962966918945312500,  ,  1285.46 
regex-redux ; 39.609436035156250000, 33.189086914062500000, 0.993164062500000000,  ,  1294.72 
regex-redux ; 35.389083862304687500, 29.031280517578125000, 0.588211059570312500,  ,  1388.25 
regex-redux ; 35.299240112304687500, 28.515426635742187500, 0.977493286132812500,  ,  1402.2 
regex-redux ; 36.934387207031250000, 30.251754760742187500, 0.994491577148437500,  ,  1363.69 
regex-redux ; 36.953689575195312500, 30.714477539062500000, 0.608612060546875000,  ,  1339.67 
regex-redux ; 37.377227783203125000, 30.661254882812500000, 1.030441284179687500,  ,  1353.02 
regex-redux ; 35.591796875000000000, 28.664825439453125000, 1.016189575195312500,  ,  1414.62 
regex-redux ; 35.474319458007812500, 28.963226318359375000, 0.627578735351562500,  ,  1406.29 
regex-redux ; 35.811645507812500000, 28.924987792968750000, 1.030319213867187500,  ,  1401.02 
regex-redux ; 35.497009277343750000, 28.539581298828125000, 1.025283813476562500,  ,  1419.66 
regex-redux ; 35.576080322265625000, 28.981719970703125000, 0.641189575195312500,  ,  1422.24 
regex-redux ; 36.085250854492187500, 29.134140014648437500, 1.053314208984375000,  ,  1409.39 
regex-redux ; 36.165496826171875000, 29.115722656250000000, 1.052429199218750000,  ,  1435.65 
regex-redux ; 36.219345092773437500, 29.061798095703125000, 1.061706542968750000,  ,  1459.46 
regex-redux ; 35.863220214843750000, 29.292556762695312500, 0.659515380859375000,  ,  1408.97 
regex-redux ; 35.070129394531250000, 28.054748535156250000, 1.040390014648437500,  ,  1428.29 
regex-redux ; 36.025283813476562500, 29.012298583984375000, 1.072158813476562500,  ,  1412.18 
regex-redux ; 35.561233520507812500, 28.426422119140625000, 1.051315307617187500,  ,  1456.04 
regex-redux ; 34.579010009765625000, 27.842315673828125000, 0.651641845703125000,  ,  1457.23 
regex-redux ; 33.710494995117187500, 26.515731811523437500, 1.034362792968750000,  ,  1477.14 
regex-redux ; 34.966781616210937500, 27.958801269531250000, 1.027389526367187500,  ,  1438.73 
regex-redux ; 35.609725952148437500, 29.026519775390625000, 0.682571411132812500,  ,  1408.33 
regex-redux ; 35.105270385742187500, 28.122146606445312500, 0.982604980468750000,  ,  1437.93 
regex-redux ; 35.448120117187500000, 28.488433837890625000, 1.051284790039062500,  ,  1412.98 
regex-redux ; 35.359634399414062500, 28.749908447265625000, 0.695999145507812500,  ,  1414.54 
regex-redux ; 35.516418457031250000, 28.470001220703125000, 1.044006347656250000,  ,  1434.55 
regex-redux ; 35.761413574218750000, 28.761840820312500000, 1.058654785156250000,  ,  1418.11 
regex-redux ; 35.218444824218750000, 28.239654541015625000, 0.999359130859375000,  ,  1428.91 
binary-trees ; 84.272171020507812500, 69.676132202148437500, 1.766174316406250000,  ,  2843.99 
binary-trees ; 78.606079101562500000, 64.057006835937500000, 1.345153808593750000,  ,  2923.93 
binary-trees ; 77.437881469726562500, 62.252471923828125000, 1.396255493164062500,  ,  3067.14 
binary-trees ; 72.711883544921875000, 57.381378173828125000, 1.396347045898437500,  ,  3117.04 
binary-trees ; 72.314132690429687500, 57.081054687500000000, 1.360107421875000000,  ,  3099.39 
binary-trees ; 75.493408203125000000, 60.133438110351562500, 1.396286010742187500,  ,  3114.07 
binary-trees ; 74.526092529296875000, 59.111846923828125000, 1.413314819335937500,  ,  3120.82 
binary-trees ; 73.157104492187500000, 57.315444946289062500, 1.414718627929687500,  ,  3235.52 
binary-trees ; 72.312225341796875000, 56.779708862304687500, 1.386566162109375000,  ,  3163.04 
binary-trees ; 73.711624145507812500, 58.100341796875000000, 1.412292480468750000,  ,  3174.24 
binary-trees ; 72.683929443359375000, 57.248565673828125000, 1.401596069335937500,  ,  3137.05 
binary-trees ; 72.783996582031250000, 57.101989746093750000, 1.413787841796875000,  ,  3204.04 
binary-trees ; 73.095352172851562500, 57.833709716796875000, 1.388870239257812500,  ,  3092.38 
binary-trees ; 74.540924072265625000, 58.993835449218750000, 1.429855346679687500,  ,  3152.16 
binary-trees ; 73.417297363281250000, 58.039611816406250000, 1.413833618164062500,  ,  3106.63 
binary-trees ; 74.896041870117187500, 59.222946166992187500, 1.456756591796875000,  ,  3170.31 
binary-trees ; 72.347045898437500000, 57.017135620117187500, 1.404602050781250000,  ,  3097.95 
binary-trees ; 74.476150512695312500, 57.601760864257812500, 1.523712158203125000,  ,  3458.96 
binary-trees ; 72.618499755859375000, 56.841888427734375000, 1.403579711914062500,  ,  3222.94 
binary-trees ; 73.727386474609375000, 58.184036254882812500, 1.409622192382812500,  ,  3160.58 
binary-trees ; 73.347793579101562500, 58.028915405273437500, 1.397262573242187500,  ,  3104.78 
binary-trees ; 75.211349487304687500, 59.770217895507812500, 1.414932250976562500,  ,  3122.21 
binary-trees ; 74.737426757812500000, 59.475509643554687500, 1.420791625976562500,  ,  3075.87 
binary-trees ; 71.406143188476562500, 55.828933715820312500, 1.405838012695312500,  ,  3175.53 
binary-trees ; 72.591033935546875000, 57.282348632812500000, 1.386657714843750000,  ,  3108.01 
binary-trees ; 72.949020385742187500, 57.678253173828125000, 1.395416259765625000,  ,  3091.08 
binary-trees ; 72.969161987304687500, 57.533538818359375000, 1.405044555664062500,  ,  3129.66 
binary-trees ; 73.325439453125000000, 58.012268066406250000, 1.407562255859375000,  ,  3095.73 
binary-trees ; 72.888671875000000000, 57.658905029296875000, 1.402618408203125000,  ,  3076.32 
binary-trees ; 74.170318603515625000, 58.709320068359375000, 1.428741455078125000,  ,  3123.38 
binary-trees ; 73.862838745117187500, 58.226730346679687500, 1.433944702148437500,  ,  3170.31 
binary-trees ; 70.881088256835937500, 54.957244873046875000, 1.428176879882812500,  ,  3262 
binary-trees ; 71.976531982421875000, 56.045181274414062500, 1.423736572265625000,  ,  3271.68 
binary-trees ; 71.790863037109375000, 55.957260131835937500, 1.410018920898437500,  ,  3255.52 
binary-trees ; 73.863281250000000000, 58.353240966796875000, 1.416000366210937500,  ,  3158.2 
binary-trees ; 73.693038940429687500, 58.414657592773437500, 1.367584228515625000,  ,  3148.34 
binary-trees ; 72.613616943359375000, 57.502899169921875000, 1.349624633789062500,  ,  3120.19 
binary-trees ; 73.007217407226562500, 58.138092041015625000, 1.343338012695312500,  ,  3049.95 
binary-trees ; 72.610366821289062500, 57.471191406250000000, 1.366546630859375000,  ,  3112.59 
binary-trees ; 72.605331420898437500, 57.603485107421875000, 1.358520507812500000,  ,  3074.18 
binary-trees ; 73.654205322265625000, 58.447769165039062500, 1.381484985351562500,  ,  3121.72 
binary-trees ; 72.989028930664062500, 57.843994140625000000, 1.371841430664062500,  ,  3109.17 
binary-trees ; 70.690185546875000000, 55.032211303710937500, 1.391189575195312500,  ,  3242.99 
binary-trees ; 72.099029541015625000, 56.612258911132812500, 1.371017456054687500,  ,  3203.23 
binary-trees ; 71.912109375000000000, 56.352905273437500000, 1.407546997070312500,  ,  3164.94 
binary-trees ; 71.922164916992187500, 56.389938354492187500, 1.410858154296875000,  ,  3155.36 
binary-trees ; 73.542572021484375000, 57.964797973632812500, 1.423019409179687500,  ,  3159.25 
binary-trees ; 73.798889160156250000, 58.334915161132812500, 1.426071166992187500,  ,  3123.56 
binary-trees ; 75.095199584960937500, 59.206024169921875000, 1.466995239257812500,  ,  3216.8 
binary-trees ; 74.933471679687500000, 58.009445190429687500, 1.528350830078125000,  ,  3483.34 
binary-trees ; 71.729690551757812500, 55.805084228515625000, 1.425949096679687500,  ,  3262.37 
binary-trees ; 71.696182250976562500, 56.445602416992187500, 1.352203369140625000,  ,  3140.17 
binary-trees ; 74.059707641601562500, 58.822906494140625000, 1.376098632812500000,  ,  3132.24 
binary-trees ; 71.814682006835937500, 56.746856689453125000, 1.380554199218750000,  ,  3090.61 
binary-trees ; 71.246536254882812500, 55.428970336914062500, 1.380996704101562500,  ,  3278.46 
binary-trees ; 72.441741943359375000, 56.603530883789062500, 1.399658203125000000,  ,  3234.42 
binary-trees ; 71.795043945312500000, 56.343109130859375000, 1.397842407226562500,  ,  3137.35 
binary-trees ; 71.587524414062500000, 56.196182250976562500, 1.398361206054687500,  ,  3128.36 
binary-trees ; 74.160125732421875000, 58.676544189453125000, 1.425796508789062500,  ,  3130.89 
binary-trees ; 72.877288818359375000, 57.318984985351562500, 1.426376342773437500,  ,  3145.73 
binary-trees ; 70.990707397460937500, 54.984741210937500000, 1.427627563476562500,  ,  3270.72 
binary-trees ; 70.745193481445312500, 54.988220214843750000, 1.404388427734375000,  ,  3222.55 
binary-trees ; 70.442520141601562500, 54.773345947265625000, 1.393218994140625000,  ,  3202.1 
binary-trees ; 74.741928100585937500, 57.979324340820312500, 1.487075805664062500,  ,  3455.79 
binary-trees ; 71.632537841796875000, 56.341461181640625000, 1.331939697265625000,  ,  3163.67 
binary-trees ; 73.355178833007812500, 58.069229125976562500, 1.391540527343750000,  ,  3103.58 
binary-trees ; 74.908859252929687500, 59.516250610351562500, 1.418914794921875000,  ,  3112.02 
binary-trees ; 74.532135009765625000, 59.416732788085937500, 1.413085937500000000,  ,  3032.73 
binary-trees ; 74.195999145507812500, 59.243362426757812500, 1.390304565429687500,  ,  3034.24 
binary-trees ; 75.559539794921875000, 60.209533691406250000, 1.456512451171875000,  ,  3069.28 
binary-trees ; 74.984375000000000000, 59.634933471679687500, 1.459564208984375000,  ,  3066.13 
binary-trees ; 72.206542968750000000, 56.350830078125000000, 1.465454101562500000,  ,  3208.09 
binary-trees ; 71.010253906250000000, 54.388748168945312500, 1.865859985351562500,  ,  3320.95 
binary-trees ; 70.427886962890625000, 54.394134521484375000, 1.422637939453125000,  ,  3297.05 
binary-trees ; 71.600051879882812500, 56.302001953125000000, 1.368988037109375000,  ,  3114.21 
binary-trees ; 74.074371337890625000, 58.808059692382812500, 1.403732299804687500,  ,  3080.62 
binary-trees ; 74.275131225585937500, 59.077087402343750000, 1.412048339843750000,  ,  3051.04 
binary-trees ; 72.209671020507812500, 56.554016113281250000, 1.414016723632812500,  ,  3212.46 
binary-trees ; 71.308090209960937500, 56.015167236328125000, 1.345016479492187500,  ,  3150.43 
binary-trees ; 73.649536132812500000, 58.131896972656250000, 1.379119873046875000,  ,  3156.83 
binary-trees ; 74.002365112304687500, 58.988342285156250000, 1.359390258789062500,  ,  3068.43 
binary-trees ; 74.747894287109375000, 59.571350097656250000, 1.389541625976562500,  ,  3104.45 
binary-trees ; 75.972702026367187500, 60.540786743164062500, 1.453826904296875000,  ,  3097.88 
binary-trees ; 72.663345336914062500, 56.911849975585937500, 1.454345703125000000,  ,  3193.22 
binary-trees ; 70.085891723632812500, 54.132385253906250000, 1.436828613281250000,  ,  3262.33 
binary-trees ; 70.576965332031250000, 54.500930786132812500, 1.431060791015625000,  ,  3304.67 
binary-trees ; 70.683135986328125000, 54.632904052734375000, 1.410369873046875000,  ,  3306.66 
binary-trees ; 73.455566406250000000, 57.831298828125000000, 1.375442504882812500,  ,  3193.76 
binary-trees ; 73.800125122070312500, 58.380157470703125000, 1.404586791992187500,  ,  3123.67 
binary-trees ; 71.630691528320312500, 56.548233032226562500, 1.352172851562500000,  ,  3096.57 
binary-trees ; 70.794006347656250000, 55.018783569335937500, 1.400726318359375000,  ,  3234.5 
binary-trees ; 72.717758178710937500, 57.049194335937500000, 1.775680541992187500,  ,  3100.39 
binary-trees ; 75.016662597656250000, 59.390151977539062500, 1.430450439453125000,  ,  3168.43 
binary-trees ; 75.681915283203125000, 60.595657348632812500, 1.408615112304687500,  ,  3028.5 
binary-trees ; 76.978530883789062500, 60.133255004882812500, 2.108306884765625000,  ,  3284.59 
binary-trees ; 73.483093261718750000, 55.979019165039062500, 2.513504028320312500,  ,  3310.21 
binary-trees ; 71.701110839843750000, 55.511581420898437500, 1.539184570312500000,  ,  3295.79 
binary-trees ; 72.863403320312500000, -65478.874847412109375000, 1.405502319335937500,  ,  3217.19 
binary-trees ; 71.412155151367187500, 56.072387695312500000, 1.384475708007812500,  ,  3123 
binary-trees ; 72.619171142578125000, 57.421432495117187500, 1.348876953125000000,  ,  3133.5 
binary-trees ; 72.352355957031250000, 57.033966064453125000, 1.387878417968750000,  ,  3115.49 
binary-trees ; 69.626007080078125000, 53.995391845703125000, 1.393157958984375000,  ,  3202.93 
binary-trees ; 72.218872070312500000, 57.015762329101562500, 1.373275756835937500,  ,  3090.29 
binary-trees ; 72.654769897460937500, 57.324935913085937500, 1.399917602539062500,  ,  3109.08 
binary-trees ; 73.412765502929687500, 58.079299926757812500, 1.405303955078125000,  ,  3104.03 
binary-trees ; 72.980331420898437500, 57.747604370117187500, 1.405929565429687500,  ,  3076.77 
binary-trees ; 74.618118286132812500, 59.057357788085937500, 1.437026977539062500,  ,  3148.86 
binary-trees ; 73.097839355468750000, 57.633956909179687500, 1.426467895507812500,  ,  3126.7 
binary-trees ; 71.325103759765625000, 55.412384033203125000, 1.410385131835937500,  ,  3292.92 
binary-trees ; 70.449020385742187500, 54.932907104492187500, 1.371017456054687500,  ,  3209.97 
binary-trees ; 73.340179443359375000, 58.091323852539062500, 1.386734008789062500,  ,  3136.69 
binary-trees ; 76.203079223632812500, 60.789627075195312500, 1.441833496093750000,  ,  3109.67 
binary-trees ; 72.604385375976562500, 57.070861816406250000, 1.425872802734375000,  ,  3145.66 
binary-trees ; -65464.461944580078125000, 55.810424804687500000, 1.419677734375000000,  ,  3204.21 
binary-trees ; 71.592132568359375000, 55.705032348632812500, 1.408737182617187500,  ,  3257.14 
binary-trees ; 71.977203369140625000, 56.490127563476562500, 1.403152465820312500,  ,  3156.26 
binary-trees ; 71.821166992187500000, 56.558685302734375000, 1.361038208007812500,  ,  3147.32 
binary-trees ; 73.285964965820312500, 57.814651489257812500, 1.404067993164062500,  ,  3147.52 
binary-trees ; 73.956893920898437500, 58.552993774414062500, 1.412170410156250000,  ,  3124.66 
binary-trees ; 73.098175048828125000, 57.855285644531250000, 1.393692016601562500,  ,  3086.19 
binary-trees ; 72.446136474609375000, 57.145462036132812500, 1.394302368164062500,  ,  3106.26 
binary-trees ; 71.071472167968750000, 55.088973999023437500, 1.416946411132812500,  ,  3281.23 
binary-trees ; 72.961761474609375000, 57.573822021484375000, 1.381622314453125000,  ,  3125.43 
binary-trees ; 73.076522827148437500, 57.828674316406250000, 1.389511108398437500,  ,  3084.83 
binary-trees ; 74.384307861328125000, 59.288665771484375000, 1.404708862304687500,  ,  3034.5 
binary-trees ; 73.056625366210937500, 57.432464599609375000, 1.430099487304687500,  ,  3166.19 
binary-trees ; 71.825027465820312500, 56.022094726562500000, 1.420684814453125000,  ,  3217.92 
binary-trees ; 69.535140991210937500, 53.684463500976562500, 1.398025512695312500,  ,  3253.66 
binary-trees ; 70.022888183593750000, 54.349243164062500000, 1.368194580078125000,  ,  3221.34 
binary-trees ; 73.626342773437500000, 58.119186401367187500, 1.410446166992187500,  ,  3153.49 
binary-trees ; 72.901199340820312500, 57.720260620117187500, 1.373916625976562500,  ,  3074.25 
binary-trees ; 75.492767333984375000, 60.169448852539062500, 1.415924072265625000,  ,  3085.18 
binary-trees ; 75.778457641601562500, 60.386001586914062500, 1.429992675781250000,  ,  3092.64 
binary-trees ; 78.648101806640625000, 63.647735595703125000, 1.420745849609375000,  ,  3032.11 
binary-trees ; 75.119903564453125000, 59.914367675781250000, 1.428527832031250000,  ,  3083.45 
binary-trees ; 74.739837646484375000, 58.255081176757812500, 1.495040893554687500,  ,  3410.07 
binary-trees ; 74.076187133789062500, 58.087631225585937500, 1.450683593750000000,  ,  3262.57 
binary-trees ; 73.400939941406250000, 57.592788696289062500, 1.446166992187500000,  ,  3211.59 
binary-trees ; 74.391601562500000000, 58.339965820312500000, 1.454711914062500000,  ,  3279.93 
binary-trees ; 77.246673583984375000, 60.663619995117187500, 1.493560791015625000,  ,  3431.91 
binary-trees ; 72.659240722656250000, 57.029342651367187500, 1.412902832031250000,  ,  3181.58 
binary-trees ; 71.966842651367187500, 56.438323974609375000, 1.404022216796875000,  ,  3154.79 
binary-trees ; 70.882324218750000000, 55.313278198242187500, 1.385101318359375000,  ,  3175.49 
binary-trees ; 70.166656494140625000, 54.559570312500000000, 1.350387573242187500,  ,  3198.58 
binary-trees ; 75.482543945312500000, 59.977218627929687500, 1.403533935546875000,  ,  3134.87 
binary-trees ; 74.232650756835937500, 58.847885131835937500, 1.414932250976562500,  ,  3102.37 
binary-trees ; 71.923782348632812500, 56.335418701171875000, 1.409027099609375000,  ,  3173.52 
binary-trees ; 73.976196289062500000, 58.331512451171875000, 1.414398193359375000,  ,  3179.4 
binary-trees ; 74.604110717773437500, 58.993530273437500000, 1.450317382812500000,  ,  3156.15 
binary-trees ; 74.311431884765625000, 58.797454833984375000, 1.417282104492187500,  ,  3142.67 
binary-trees ; 72.996673583984375000, 57.735366821289062500, 1.393783569335937500,  ,  3075.67 
binary-trees ; 72.714309692382812500, 57.539154052734375000, 1.376174926757812500,  ,  3110.89 
binary-trees ; 71.529418945312500000, 55.982131958007812500, 1.389602661132812500,  ,  3205.7 
binary-trees ; 73.654602050781250000, 57.237777709960937500, 1.473693847656250000,  ,  3372.38 
binary-trees ; 71.248504638671875000, 55.208129882812500000, 1.428649902343750000,  ,  3298.76 
binary-trees ; 72.680450439453125000, 57.393051147460937500, 1.365097045898437500,  ,  3110.57 
binary-trees ; 71.925872802734375000, 56.476776123046875000, 1.387908935546875000,  ,  3149.97 
binary-trees ; 71.783569335937500000, 56.374786376953125000, 1.365158081054687500,  ,  3145.41 
binary-trees ; 73.703659057617187500, 58.325576782226562500, 1.404067993164062500,  ,  3118.52 
binary-trees ; 73.381011962890625000, 58.063659667968750000, 1.405410766601562500,  ,  3100.47 
binary-trees ; 78.723495483398437500, 63.009811401367187500, 1.449218750000000000,  ,  3220.4 
binary-trees ; 75.552825927734375000, 60.377716064453125000, 1.395599365234375000,  ,  3099.51 
binary-trees ; 72.898880004882812500, 57.244277954101562500, 1.399536132812500000,  ,  3227.14 
binary-trees ; 73.774810791015625000, 58.200683593750000000, 1.421218872070312500,  ,  3158.01 
binary-trees ; 73.109024047851562500, 57.062225341796875000, 1.457672119140625000,  ,  3274.75 
binary-trees ; 72.885208129882812500, 57.825592041015625000, 1.351562500000000000,  ,  3094.81 
binary-trees ; 78.451965332031250000, 63.541122436523437500, 1.400497436523437500,  ,  3021.75 
binary-trees ; 75.901245117187500000, 60.051681518554687500, 1.865676879882812500,  ,  3104.42 
binary-trees ; 71.382598876953125000, 55.462997436523437500, 1.441787719726562500,  ,  3239.51 
binary-trees ; 72.641906738281250000, 57.426315307617187500, 1.369659423828125000,  ,  3130.83 
binary-trees ; 72.762603759765625000, 57.556686401367187500, 1.363876342773437500,  ,  3127.85 
binary-trees ; 73.355773925781250000, 58.384475708007812500, 1.360214233398437500,  ,  3066.53 
binary-trees ; 76.761291503906250000, 61.504699707031250000, 1.428787231445312500,  ,  3064.78 
binary-trees ; 73.072158813476562500, 57.820205688476562500, 1.419830322265625000,  ,  3074.28 
binary-trees ; 71.973907470703125000, 55.839813232421875000, 1.448852539062500000,  ,  3300.04 
binary-trees ; 69.795120239257812500, 54.006637573242187500, 1.396102905273437500,  ,  3244.88 
binary-trees ; 73.184677124023437500, 57.743392944335937500, 1.384155273437500000,  ,  3143.28 
binary-trees ; 75.126449584960937500, 59.826126098632812500, 1.398834228515625000,  ,  3092.64 
binary-trees ; 72.862548828125000000, 57.757247924804687500, 1.391448974609375000,  ,  3052.59 
binary-trees ; 72.189071655273437500, 56.540069580078125000, 1.413894653320312500,  ,  3185.82 
binary-trees ; 72.421051025390625000, 57.117172241210937500, 1.383102416992187500,  ,  3102.93 
binary-trees ; 73.585540771484375000, 58.074829101562500000, 1.414337158203125000,  ,  3142.24 
binary-trees ; 71.573226928710937500, 55.923065185546875000, 1.394424438476562500,  ,  3190.86 
binary-trees ; 72.678237915039062500, 57.306854248046875000, 1.370254516601562500,  ,  3125.32 
binary-trees ; 72.020126342773437500, 56.563049316406250000, 1.389511108398437500,  ,  3146.54 
binary-trees ; 71.426589965820312500, 55.493148803710937500, 1.400894165039062500,  ,  3273.22 
binary-trees ; 72.632446289062500000, 56.612533569335937500, 1.776840209960937500,  ,  3199.24 
binary-trees ; 72.631301879882812500, 57.289199829101562500, 1.361923217773437500,  ,  3123.35 
binary-trees ; 73.582153320312500000, 58.222824096679687500, 1.396682739257812500,  ,  3119.96 
binary-trees ; 72.594116210937500000, 57.156661987304687500, 1.405899047851562500,  ,  3137.9 
binary-trees ; 71.598266601562500000, 56.116592407226562500, 1.384506225585937500,  ,  3158.27 
binary-trees ; 74.951049804687500000, 59.448150634765625000, 1.398864746093750000,  ,  3141.94 
binary-trees ; 73.223999023437500000, 58.041992187500000000, 1.366699218750000000,  ,  3114.77 
binary-trees ; 75.688308715820312500, 60.491516113281250000, 1.399215698242187500,  ,  3109.33 
binary-trees ; 75.745056152343750000, 60.658599853515625000, 1.408187866210937500,  ,  3068.37 
binary-trees ; 73.500579833984375000, 57.938034057617187500, 1.416107177734375000,  ,  3192.18 
binary-trees ; 69.726303100585937500, 54.126037597656250000, 1.385284423828125000,  ,  3222.98 
binary-trees ; 71.608688354492187500, 55.782241821289062500, 1.392761230468750000,  ,  3288.03 
binary-trees ; 72.630004882812500000, 57.168136596679687500, 1.379119873046875000,  ,  3197.53 
binary-trees ; 73.499725341796875000, 57.951965332031250000, 1.413391113281250000,  ,  3157.29 
binary-trees ; 73.551391601562500000, 58.036621093750000000, 1.426757812500000000,  ,  3146.83 
binary-trees ; 69.724929809570312500, 54.002548217773437500, 1.406311035156250000,  ,  3220.2 
binary-trees ; 73.833251953125000000, 58.274368286132812500, 1.415252685546875000,  ,  3162.65 
binary-trees ; 72.694885253906250000, 56.972091674804687500, 1.432067871093750000,  ,  3198.45 
binary-trees ; 70.741485595703125000, 55.254791259765625000, 1.397430419921875000,  ,  3162.35 
binary-trees ; 73.055267333984375000, 57.001754760742187500, 1.824569702148437500,  ,  3185.91 
binary-trees ; 71.826538085937500000, 56.076843261718750000, 1.420211791992187500,  ,  3217.44 
binary-trees ; 71.523544311523437500, 55.717834472656250000, 1.405883789062500000,  ,  3242.24 
binary-trees ; 72.169021606445312500, 56.656524658203125000, 1.403015136718750000,  ,  3160.7 
binary-trees ; 75.561630249023437500, 59.328109741210937500, 1.494842529296875000,  ,  3318.97 
binary-trees ; 71.327819824218750000, 55.750366210937500000, 1.415100097656250000,  ,  3175.51 
binary-trees ; 69.944915771484375000, 53.997909545898437500, 1.422302246093750000,  ,  3280 
binary-trees ; 69.542953491210937500, 53.791229248046875000, 1.397506713867187500,  ,  3242.99 
binary-trees ; 70.693328857421875000, 54.765182495117187500, 1.406311035156250000,  ,  3287.4 
binary-trees ; 69.898361206054687500, 54.288864135742187500, 1.384643554687500000,  ,  3218.1 
binary-trees ; 71.787261962890625000, 56.258773803710937500, 1.391937255859375000,  ,  3193.49 
binary-trees ; 69.734008789062500000, 54.171722412109375000, 1.386383056640625000,  ,  3203.68 
binary-trees ; 69.191146850585937500, 53.583221435546875000, 1.374298095703125000,  ,  3222.34 
binary-trees ; 72.107955932617187500, 56.890823364257812500, 1.338195800781250000,  ,  3161.84 
binary-trees ; 74.698364257812500000, 59.900665283203125000, 1.354660034179687500,  ,  3028.85 
binary-trees ; 75.201782226562500000, 60.274902343750000000, 1.379867553710937500,  ,  3048.89 
binary-trees ; 75.137130737304687500, 60.124710083007812500, 1.410903930664062500,  ,  3055.49 
binary-trees ; 72.537612915039062500, 57.151306152343750000, 1.419754028320312500,  ,  3142.96 
binary-trees ; 69.909652709960937500, 54.310089111328125000, 1.392700195312500000,  ,  3216.32 
binary-trees ; 70.610366821289062500, 54.417938232421875000, 1.784744262695312500,  ,  3279.7 
binary-trees ; 70.594573974609375000, 55.008041381835937500, 1.371887207031250000,  ,  3237.07 
binary-trees ; 70.978286743164062500, 55.681045532226562500, 1.352279663085937500,  ,  3155.09 
binary-trees ; 74.123214721679687500, 58.554016113281250000, 1.422485351562500000,  ,  3166.54 
binary-trees ; 71.974884033203125000, 56.190475463867187500, 1.436828613281250000,  ,  3221.37 
binary-trees ; 71.819869995117187500, 55.819686889648437500, 1.443054199218750000,  ,  3276.63 
binary-trees ; 71.427612304687500000, 55.883377075195312500, 1.400680541992187500,  ,  3164.37 
binary-trees ; 71.542373657226562500, 55.933319091796875000, 1.411834716796875000,  ,  3182.86 
binary-trees ; 69.182876586914062500, 53.460998535156250000, 1.395675659179687500,  ,  3226.88 
binary-trees ; 70.168060302734375000, 54.259185791015625000, 1.409774780273437500,  ,  3276.22 
binary-trees ; 69.759368896484375000, 53.955963134765625000, 1.391525268554687500,  ,  3256.25 
binary-trees ; 71.985000610351562500, 56.655990600585937500, 1.353988647460937500,  ,  3129.04 
binary-trees ; 72.695816040039062500, 57.366638183593750000, 1.399765014648437500,  ,  3109.79 
binary-trees ; 71.916885375976562500, 55.782882690429687500, 1.448150634765625000,  ,  3312.92 
binary-trees ; 70.025909423828125000, 54.449188232421875000, 1.393646240234375000,  ,  3191.69 
binary-trees ; 72.570800781250000000, 56.932174682617187500, 1.409912109375000000,  ,  3197.85 
binary-trees ; 72.475616455078125000, 56.930389404296875000, 1.405624389648437500,  ,  3160.97 
binary-trees ; 71.620880126953125000, 55.873733520507812500, 1.422271728515625000,  ,  3211.64 
binary-trees ; 69.701416015625000000, 53.438446044921875000, 1.810104370117187500,  ,  3251.77 
binary-trees ; 69.937042236328125000, 54.222152709960937500, 1.395050048828125000,  ,  3223.2 
binary-trees ; 72.014419555664062500, 56.361740112304687500, 1.400909423828125000,  ,  3202.75 
binary-trees ; 72.925613403320312500, 57.263000488281250000, 1.424392700195312500,  ,  3188.06 
binary-trees ; 72.045623779296875000, 56.236724853515625000, 1.427047729492187500,  ,  3229.24 
binary-trees ; 69.677398681640625000, 53.787673950195312500, 1.404922485351562500,  ,  3267.03 
binary-trees ; 71.939392089843750000, 56.485610961914062500, 1.382415771484375000,  ,  3153.87 
binary-trees ; 73.458282470703125000, 58.134445190429687500, 1.406860351562500000,  ,  3101.12 
binary-trees ; 73.862045288085937500, 58.431198120117187500, 1.431182861328125000,  ,  3115.59 
binary-trees ; 73.119888305664062500, 57.813522338867187500, 1.421417236328125000,  ,  3085.22 
binary-trees ; 74.082092285156250000, 58.418151855468750000, 1.452789306640625000,  ,  3164.57 
binary-trees ; 70.752624511718750000, 54.747070312500000000, 1.443878173828125000,  ,  3268.81 
binary-trees ; 70.068328857421875000, 54.427642822265625000, 1.401519775390625000,  ,  3190.93 
binary-trees ; 73.390701293945312500, 57.856002807617187500, 1.422805786132812500,  ,  3146.25 
binary-trees ; 74.143981933593750000, 58.474853515625000000, 1.443466186523437500,  ,  3169.64 
binary-trees ; 72.758102416992187500, 57.397033691406250000, 1.427459716796875000,  ,  3092.94 
binary-trees ; 70.619995117187500000, 54.682922363281250000, 1.441299438476562500,  ,  3246.06 
binary-trees ; 71.835327148437500000, 55.785720825195312500, 1.441757202148437500,  ,  3283.23 
binary-trees ; 71.641799926757812500, 55.956100463867187500, 1.409362792968750000,  ,  3195.01 
binary-trees ; 71.682418823242187500, 55.883636474609375000, 1.803680419921875000,  ,  3124.62 
binary-trees ; 72.039642333984375000, 56.543594360351562500, 1.405090332031250000,  ,  3151.42 
binary-trees ; 72.569717407226562500, 56.815414428710937500, 1.416259765625000000,  ,  3211.14 
binary-trees ; 71.706909179687500000, 56.150619506835937500, 1.387939453125000000,  ,  3168.86 
binary-trees ; 71.529159545898437500, 56.157836914062500000, 1.340866088867187500,  ,  3170.33 
binary-trees ; 73.510101318359375000, 58.499893188476562500, 1.373519897460937500,  ,  3030.37 
binary-trees ; 73.274932861328125000, 58.059799194335937500, 1.399490356445312500,  ,  3059.61 
binary-trees ; 71.612472534179687500, 56.034271240234375000, 1.414199829101562500,  ,  3159.11 
binary-trees ; 71.475082397460937500, 56.061874389648437500, 1.404113769531250000,  ,  3120.05 
binary-trees ; 73.245330810546875000, 58.068405151367187500, 1.377990722656250000,  ,  3102.53 
binary-trees ; 74.202484130859375000, 58.723602294921875000, 1.415176391601562500,  ,  3169.89 
binary-trees ; 70.627944946289062500, 54.699264526367187500, 1.429367065429687500,  ,  3255.11 
binary-trees ; 71.540435791015625000, 55.531707763671875000, 1.433929443359375000,  ,  3268.75 
binary-trees ; 71.974502563476562500, 55.931533813476562500, 1.439804077148437500,  ,  3279.5 
binary-trees ; 70.504852294921875000, 54.786926269531250000, 1.397994995117187500,  ,  3210.52 
binary-trees ; 69.796051025390625000, 54.021331787109375000, 1.393768310546875000,  ,  3228.81 
binary-trees ; 73.284713745117187500, 57.763854980468750000, 1.403610229492187500,  ,  3150.68 
binary-trees ; 72.004867553710937500, 56.744583129882812500, 1.379989624023437500,  ,  3085.84 
binary-trees ; 74.075683593750000000, 58.722579956054687500, 1.410064697265625000,  ,  3092.66 
binary-trees ; 75.668960571289062500, 59.440429687500000000, 1.867691040039062500,  ,  3193.27 
binary-trees ; 76.475616455078125000, 60.991607666015625000, 1.450576782226562500,  ,  3102.16 
binary-trees ; 76.062255859375000000, 60.497573852539062500, 1.470642089843750000,  ,  3112.66 
binary-trees ; 71.710189819335937500, 55.915298461914062500, 1.445541381835937500,  ,  3186.02 
binary-trees ; 69.738739013671875000, 53.724533081054687500, 1.432861328125000000,  ,  3263.9 
binary-trees ; 70.050506591796875000, 54.226196289062500000, 1.403564453125000000,  ,  3232.29 
binary-trees ; 71.635513305664062500, 56.250625610351562500, 1.357208251953125000,  ,  3171.45 
binary-trees ; 72.181427001953125000, 56.551757812500000000, 1.387725830078125000,  ,  3230.65 
binary-trees ; 72.583969116210937500, 56.778930664062500000, 1.426284790039062500,  ,  3226.13 
binary-trees ; 70.488479614257812500, 54.687652587890625000, 1.383132934570312500,  ,  3281.87 
binary-trees ; 72.730850219726562500, 57.286254882812500000, 1.358215332031250000,  ,  3194.44 
binary-trees ; 74.834732055664062500, 59.950057983398437500, 1.369354248046875000,  ,  3037.89 
binary-trees ; 74.142654418945312500, 58.567291259765625000, 1.433120727539062500,  ,  3157.81 
binary-trees ; 71.194671630859375000, 55.541580200195312500, 1.423721313476562500,  ,  3183.78 
binary-trees ; 69.094360351562500000, 53.304153442382812500, 1.399047851562500000,  ,  3238.24 
binary-trees ; 69.368331909179687500, 53.822326660156250000, 1.369827270507812500,  ,  3186.03 
binary-trees ; 73.648391723632812500, 58.183624267578125000, 1.389892578125000000,  ,  3143.44 
binary-trees ; 74.861602783203125000, 59.625732421875000000, 1.426925659179687500,  ,  3059.83 
binary-trees ; 73.264434814453125000, 57.571716308593750000, 1.437240600585937500,  ,  3181.73 
binary-trees ; 71.659683227539062500, 55.556793212890625000, 1.832611083984375000,  ,  3190.7 
reverse-complement ; 16.577621459960937500, 13.168731689453125000, 0.275222778320312500,  ,  733.954 
reverse-complement ; 11.770324707031250000, 9.599258422851562500, 0.193603515625000000,  ,  448.084 
reverse-complement ; 10.924530029296875000, 9.015701293945312500, 0.154235839843750000,  ,  388.229 
reverse-complement ; 11.450195312500000000, 9.310455322265625000, 0.189727783203125000,  ,  436.019 
reverse-complement ; 11.749359130859375000, 9.435028076171875000, 0.363098144531250000,  ,  440.068 
reverse-complement ; 11.934844970703125000, 9.565475463867187500, 0.362960815429687500,  ,  447.444 
reverse-complement ; 11.886154174804687500, 9.684524536132812500, 0.193405151367187500,  ,  453.553 
reverse-complement ; 12.205261230468750000, 9.662338256835937500, 0.545043945312500000,  ,  450.017 
reverse-complement ; 11.415328979492187500, 9.333908081054687500, 0.184890747070312500,  ,  419.12 
reverse-complement ; 11.601638793945312500, 9.475280761718750000, 0.184127807617187500,  ,  433.277 
reverse-complement ; 11.123535156250000000, 8.958511352539062500, 0.189895629882812500,  ,  441.949 
reverse-complement ; 11.749328613281250000, 9.584213256835937500, 0.199081420898437500,  ,  440.999 
reverse-complement ; 11.419418334960937500, 9.350173950195312500, 0.180038452148437500,  ,  419.222 
reverse-complement ; 12.182968139648437500, 9.573684692382812500, 0.597427368164062500,  ,  443.867 
reverse-complement ; 11.623321533203125000, 9.512054443359375000, 0.194122314453125000,  ,  423.629 
reverse-complement ; 9.504043579101562500, 7.234069824218750000, 0.193466186523437500,  ,  468.093 
reverse-complement ; 10.158599853515625000, 7.830886840820312500, 0.195648193359375000,  ,  485.08 
reverse-complement ; 10.697418212890625000, 8.086120605468750000, 0.558227539062500000,  ,  463.344 
reverse-complement ; 10.729370117187500000, 8.554000854492187500, 0.194000244140625000,  ,  440.634 
reverse-complement ; 11.112136840820312500, 8.839996337890625000, 0.202621459960937500,  ,  463.782 
reverse-complement ; 11.355667114257812500, 9.139328002929687500, 0.203750610351562500,  ,  447.706 
reverse-complement ; 11.594070434570312500, 9.060440063476562500, 0.584793090820312500,  ,  433.085 
reverse-complement ; 11.052459716796875000, 9.070465087890625000, 0.182327270507812500,  ,  391.763 
reverse-complement ; 11.271713256835937500, 9.131088256835937500, 0.199188232421875000,  ,  425.081 
reverse-complement ; 11.534118652343750000, 9.438995361328125000, 0.191268920898437500,  ,  415.93 
reverse-complement ; 12.188690185546875000, 9.530746459960937500, 0.605590820312500000,  ,  458.528 
reverse-complement ; 11.551849365234375000, 9.469955444335937500, 0.197265625000000000,  ,  413.106 
reverse-complement ; 11.816436767578125000, 9.637252807617187500, 0.204254150390625000,  ,  433.939 
reverse-complement ; 11.769363403320312500, 9.549163818359375000, 0.212890625000000000,  ,  440.26 
reverse-complement ; 11.423538208007812500, 9.052810668945312500, 0.228775024414062500,  ,  472.504 
bubblesort ; 0.105880737304687500, 0.087249755859375000, 0.001068115234375000,  ,  3.265 
bubblesort ; 0.055236816406250000, 0.045883178710937500, 0.000717163085937500,  ,  2.356 
bubblesort ; 0.055694580078125000, 0.046264648437500000, 0.000717163085937500,  ,  2.381 
bubblesort ; 0.083099365234375000, 0.069107055664062500, 0.001083374023437500,  ,  2.379 
bubblesort ; 0.053787231445312500, 0.044769287109375000, 0.000701904296875000,  ,  2.58 
bubblesort ; 0.083770751953125000, 0.069808959960937500, 0.001098632812500000,  ,  2.45 
bubblesort ; 0.055282592773437500, 0.046081542968750000, 0.000717163085937500,  ,  2.399 
bubblesort ; 6.177932739257812500, 4.917312622070312500, 0.133575439453125000,  ,  278.959 
bubblesort ; 0.046569824218750000, 0.037597656250000000, 0.000808715820312500,  ,  2.496 
bubblesort ; 0.044494628906250000, 0.035690307617187500, 0.000808715820312500,  ,  2.186 
bubblesort ; 0.047134399414062500, 0.038360595703125000, 0.000808715820312500,  ,  2.151 
bubblesort ; 0.068328857421875000, 0.055358886718750000, 0.001205444335937500,  ,  2.143 
bubblesort ; 0.044586181640625000, 0.035888671875000000, 0.000808715820312500,  ,  2.146 
bubblesort ; 0.046279907226562500, 0.037628173828125000, 0.000778198242187500,  ,  2.121 
bubblesort ; 0.044998168945312500, 0.036315917968750000, 0.000778198242187500,  ,  2.259 
bubblesort ; 0.045883178710937500, 0.037292480468750000, 0.000762939453125000,  ,  2.113 
bubblesort ; 0.044845581054687500, 0.036132812500000000, 0.000778198242187500,  ,  2.111 
bubblesort ; 0.044662475585937500, 0.036010742187500000, 0.000778198242187500,  ,  2.095 
bubblesort ; 0.068450927734375000, 0.055709838867187500, 0.001098632812500000,  ,  2.177 
bubblesort ; 0.044158935546875000, 0.035537719726562500, 0.000747680664062500,  ,  2.081 
bubblesort ; 0.045852661132812500, 0.037277221679687500, 0.000747680664062500,  ,  2.114 
bubblesort ; 0.044708251953125000, 0.036087036132812500, 0.000762939453125000,  ,  2.113 
bubblesort ; 0.046478271484375000, 0.037887573242187500, 0.000732421875000000,  ,  2.117 
bubblesort ; 0.044113159179687500, 0.035568237304687500, 0.000717163085937500,  ,  2.11 
bubblesort ; 0.045486450195312500, 0.037033081054687500, 0.000717163085937500,  ,  2.093 
bubblesort ; 0.044143676757812500, 0.035552978515625000, 0.000717163085937500,  ,  2.154 
bubblesort ; 0.046218872070312500, 0.037612915039062500, 0.000732421875000000,  ,  2.08 
bubblesort ; 0.044143676757812500, 0.035675048828125000, 0.000717163085937500,  ,  2.089 
bubblesort ; 0.069686889648437500, 0.056869506835937500, 0.001068115234375000,  ,  2.085 
bubblesort ; 0.044235229492187500, 0.035736083984375000, 0.000717163085937500,  ,  2.151 
bubblesort_func ; 0.069671630859375000, 0.048278808593750000, 0.001541137695312500,  ,  5.346 
bubblesort_func ; 0.078857421875000000, 0.061813354492187500, 0.001251220703125000,  ,  3.429 
bubblesort_func ; 0.060226440429687500, 0.047576904296875000, 0.001007080078125000,  ,  3.357 
bubblesort_func ; 0.060760498046875000, 0.048095703125000000, 0.001022338867187500,  ,  3.305 
bubblesort_func ; 0.079864501953125000, 0.062957763671875000, 0.001373291015625000,  ,  3.337 
bubblesort_func ; 0.061279296875000000, 0.048416137695312500, 0.001052856445312500,  ,  3.396 
bubblesort_func ; 0.063949584960937500, 0.067016601562500000, 0.001419067382812500,  ,  3.377 
bubblesort_func ; 0.064605712890625000, 0.051818847656250000, 0.001052856445312500,  ,  3.376 
bubblesort_func ; 0.061233520507812500, 0.048339843750000000, 0.001052856445312500,  ,  3.372 
bubblesort_func ; 0.082458496093750000, 0.065444946289062500, 0.001403808593750000,  ,  3.343 
bubblesort_func ; 0.065399169921875000, 0.052536010742187500, 0.001083374023437500,  ,  3.489 
bubblesort_func ; 0.066162109375000000, 0.053253173828125000, 0.001083374023437500,  ,  3.377 
bubblesort_func ; 0.081054687500000000, 0.063995361328125000, 0.001449584960937500,  ,  3.381 
bubblesort_func ; 0.063842773437500000, 0.051055908203125000, 0.001083374023437500,  ,  3.42 
bubblesort_func ; 0.081665039062500000, 0.064483642578125000, 0.001449584960937500,  ,  3.408 
bubblesort_func ; 0.061096191406250000, 0.048171997070312500, 0.001098632812500000,  ,  3.368 
bubblesort_func ; 0.060974121093750000, 0.048171997070312500, 0.001083374023437500,  ,  3.315 
bubblesort_func ; 0.081619262695312500, 0.064590454101562500, 0.001434326171875000,  ,  3.322 
bubblesort_func ; 0.061141967773437500, 0.048355102539062500, 0.001083374023437500,  ,  3.386 
bubblesort_func ; 0.062271118164062500, 0.049224853515625000, 0.001098632812500000,  ,  3.374 
bubblesort_func ; 0.085281372070312500, 0.068130493164062500, 0.001449584960937500,  ,  3.452 
bubblesort_func ; 0.061355590820312500, 0.048553466796875000, 0.001083374023437500,  ,  3.39 
bubblesort_func ; 0.061401367187500000, 0.065170288085937500, 0.001449584960937500,  ,  3.338 
bubblesort_func ; 0.059341430664062500, 0.046615600585937500, 0.001083374023437500,  ,  3.332 
bubblesort_func ; 0.088943481445312500, 0.071456909179687500, 0.001449584960937500,  ,  4.256 
bubblesort_func ; 0.066177368164062500, 0.069869995117187500, 0.001464843750000000,  ,  3.437 
bubblesort_func ; 0.061126708984375000, 0.048309326171875000, 0.001083374023437500,  ,  3.459 
bubblesort_func ; 0.064834594726562500, 0.051925659179687500, 0.001098632812500000,  ,  3.397 
bubblesort_func ; 0.080993652343750000, 0.063919067382812500, 0.001419067382812500,  ,  3.369 
bubblesort_func ; 0.061721801757812500, 0.048858642578125000, 0.001083374023437500,  ,  3.41 
bubblesort_ll2 ; 0.096893310546875000, 0.074829101562500000, 0.001800537109375000,  ,  5.252 
bubblesort_ll2 ; 0.060836791992187500, 0.048019409179687500, 0.001037597656250000,  ,  3.347 
bubblesort_ll2 ; 0.082214355468750000, 0.065032958984375000, 0.001403808593750000,  ,  3.293 
bubblesort_ll2 ; 0.062347412109375000, 0.049407958984375000, 0.001083374023437500,  ,  3.318 
bubblesort_ll2 ; 0.062118530273437500, 0.049285888671875000, 0.001068115234375000,  ,  3.296 
bubblesort_ll2 ; 0.062438964843750000, 0.049484252929687500, 0.001083374023437500,  ,  3.303 
bubblesort_ll2 ; 0.082641601562500000, 0.065505981445312500, 0.001434326171875000,  ,  3.295 
bubblesort_ll2 ; 0.062561035156250000, 0.049591064453125000, 0.001098632812500000,  ,  3.279 
bubblesort_ll2 ; 0.062667846679687500, 0.049804687500000000, 0.001113891601562500,  ,  3.247 
bubblesort_ll2 ; 0.084838867187500000, 0.067596435546875000, 0.001495361328125000,  ,  3.305 
bubblesort_ll2 ; 0.065170288085937500, 0.052276611328125000, 0.001083374023437500,  ,  3.322 
bubblesort_ll2 ; 0.061889648437500000, 0.048995971679687500, 0.001083374023437500,  ,  3.295 
bubblesort_ll2 ; 0.062622070312500000, 0.049621582031250000, 0.001098632812500000,  ,  3.285 
bubblesort_ll2 ; 0.082199096679687500, 0.065109252929687500, 0.001449584960937500,  ,  3.274 
bubblesort_ll2 ; 0.062347412109375000, 0.049453735351562500, 0.001098632812500000,  ,  3.257 
bubblesort_ll2 ; 0.064193725585937500, 0.051269531250000000, 0.001083374023437500,  ,  3.339 
bubblesort_ll2 ; 0.082519531250000000, 0.065216064453125000, 0.001464843750000000,  ,  3.322 
bubblesort_ll2 ; 0.061828613281250000, 0.048904418945312500, 0.001113891601562500,  ,  3.301 
bubblesort_ll2 ; 0.062316894531250000, 0.049392700195312500, 0.001113891601562500,  ,  3.261 
bubblesort_ll2 ; 0.090972900390625000, 0.073715209960937500, 0.001480102539062500,  ,  3.382 
bubblesort_ll2 ; 0.061248779296875000, 0.048278808593750000, 0.001113891601562500,  ,  3.263 
bubblesort_ll2 ; 0.064727783203125000, 0.051849365234375000, 0.001129150390625000,  ,  3.326 
bubblesort_ll2 ; 0.062301635742187500, 0.049468994140625000, 0.001083374023437500,  ,  3.334 
bubblesort_ll2 ; 0.082214355468750000, 0.065048217773437500, 0.001449584960937500,  ,  3.311 
bubblesort_ll2 ; 0.061981201171875000, 0.048980712890625000, 0.001113891601562500,  ,  3.465 
bubblesort_ll2 ; 0.062820434570312500, 0.049865722656250000, 0.001098632812500000,  ,  3.284 
bubblesort_ll2 ; 0.067932128906250000, 0.054901123046875000, 0.001098632812500000,  ,  3.371 
bubblesort_ll2 ; 0.066101074218750000, 0.053253173828125000, 0.001083374023437500,  ,  3.312 
bubblesort_ll2 ; 0.062301635742187500, 0.049468994140625000, 0.001083374023437500,  ,  3.317 
bubblesort_ll2 ; 0.081665039062500000, 0.064483642578125000, 0.001449584960937500,  ,  3.303 
bubblesort_ll ; 0.070678710937500000, 0.049026489257812500, 0.001831054687500000,  ,  5.413 
bubblesort_ll ; 0.042480468750000000, 0.033889770507812500, 0.000717163085937500,  ,  2.463 
bubblesort_ll ; 0.062515258789062500, 0.049575805664062500, 0.001083374023437500,  ,  2.435 
bubblesort_ll ; 0.042449951171875000, 0.033843994140625000, 0.000732421875000000,  ,  2.561 
bubblesort_ll ; 0.064285278320312500, 0.051300048828125000, 0.001083374023437500,  ,  2.451 
bubblesort_ll ; 0.046081542968750000, 0.037338256835937500, 0.000732421875000000,  ,  2.478 
bubblesort_ll ; 0.061309814453125000, 0.048553466796875000, 0.001083374023437500,  ,  2.527 
bubblesort_ll ; 0.038085937500000000, 0.029449462890625000, 0.000717163085937500,  ,  2.609 
bubblesort_ll ; 0.062759399414062500, 0.049865722656250000, 0.001052856445312500,  ,  2.474 
bubblesort_ll ; 0.042648315429687500, 0.033981323242187500, 0.000717163085937500,  ,  2.436 
bubblesort_ll ; 0.063095092773437500, 0.050201416015625000, 0.001083374023437500,  ,  2.425 
bubblesort_ll ; 0.042160034179687500, 0.033676147460937500, 0.000717163085937500,  ,  2.477 
bubblesort_ll ; 0.061859130859375000, 0.048919677734375000, 0.001113891601562500,  ,  2.594 
bubblesort_ll ; 0.042739868164062500, 0.033996582031250000, 0.000747680664062500,  ,  2.618 
bubblesort_ll ; 0.058822631835937500, 0.045989990234375000, 0.001113891601562500,  ,  2.642 
bubblesort_ll ; 0.058120727539062500, 0.045089721679687500, 0.001129150390625000,  ,  2.682 
bubblesort_ll ; 0.054260253906250000, 0.041351318359375000, 0.001083374023437500,  ,  3.044 
bubblesort_ll ; 0.056915283203125000, 0.044036865234375000, 0.001083374023437500,  ,  2.97 
bubblesort_ll ; 0.056838989257812500, 0.044067382812500000, 0.001098632812500000,  ,  2.832 
bubblesort_ll ; 0.039138793945312500, 0.030624389648437500, 0.000701904296875000,  ,  2.972 
bubblesort_ll ; 0.039520263671875000, 0.031005859375000000, 0.001052856445312500,  ,  2.995 
bubblesort_ll ; 0.039306640625000000, 0.030776977539062500, 0.000717163085937500,  ,  2.925 
bubblesort_ll ; 0.053054809570312500, 0.040161132812500000, 0.001052856445312500,  ,  2.924 
bubblesort_ll ; 0.056259155273437500, 0.043472290039062500, 0.001068115234375000,  ,  2.785 
bubblesort_ll ; 0.060180664062500000, 0.047302246093750000, 0.001083374023437500,  ,  2.913 
bubblesort_ll ; 0.063171386718750000, 0.050521850585937500, 0.001052856445312500,  ,  2.8 
bubblesort_ll ; 0.055175781250000000, 0.042266845703125000, 0.001052856445312500,  ,  2.885 
bubblesort_ll ; 0.040603637695312500, 0.047958374023437500, 0.001068115234375000,  ,  2.854 
bubblesort_ll ; 0.043182373046875000, 0.034759521484375000, 0.000701904296875000,  ,  2.925 
bubblesort_ll ; 0.055587768554687500, 0.042861938476562500, 0.001068115234375000,  ,  2.887 
k-nucleotide ; 0.016128540039062500, 0.011840820312500000, 0.000259399414062500,  ,  1.259 
k-nucleotide ; 0.016876220703125000, 0.012802124023437500, 0.000259399414062500,  ,  0.722 
k-nucleotide ; 0.020477294921875000, 0.016281127929687500, 0.000274658203125000,  ,  0.662 
k-nucleotide ; 0.000000000000000000, 0.000000000000000000, 0.000000000000000000,  ,  0.686 
k-nucleotide ; 0.019561767578125000, 0.015609741210937500, 0.000259399414062500,  ,  0.709 
k-nucleotide ; 0.019851684570312500, 0.015731811523437500, 0.000259399414062500,  ,  0.68 
k-nucleotide ; 0.000000000000000000, 0.000000000000000000, 0.000000000000000000,  ,  0.673 
k-nucleotide ; 0.018753051757812500, 0.014724731445312500, 0.000259399414062500,  ,  0.636 
k-nucleotide ; 0.020568847656250000, 0.016540527343750000, 0.000259399414062500,  ,  0.61 
k-nucleotide ; 0.000000000000000000, 0.000000000000000000, 0.000000000000000000,  ,  0.626 
k-nucleotide ; 0.021438598632812500, 0.017517089843750000, 0.000259399414062500,  ,  0.674 
k-nucleotide ; 0.020889282226562500, 0.016845703125000000, 0.000259399414062500,  ,  0.67 
k-nucleotide ; 0.000000000000000000, 0.000000000000000000, 0.000000000000000000,  ,  0.672 
k-nucleotide ; 0.022216796875000000, 0.018081665039062500, 0.000274658203125000,  ,  0.623 
k-nucleotide ; 0.020767211914062500, 0.016799926757812500, 0.000259399414062500,  ,  0.599 
k-nucleotide ; 0.000000000000000000, 0.000000000000000000, 0.000000000000000000,  ,  0.654 
k-nucleotide ; 0.020263671875000000, 0.016220092773437500, 0.000259399414062500,  ,  0.657 
k-nucleotide ; 0.021820068359375000, 0.017852783203125000, 0.000259399414062500,  ,  0.623 
k-nucleotide ; 0.000000000000000000, 0.000000000000000000, 0.000000000000000000,  ,  0.608 
k-nucleotide ; 0.023269653320312500, 0.019149780273437500, 0.000274658203125000,  ,  0.602 
k-nucleotide ; 0.000000000000000000, 0.000000000000000000, 0.000000000000000000,  ,  0.624 
k-nucleotide ; 0.021255493164062500, 0.017211914062500000, 0.000259399414062500,  ,  0.622 
k-nucleotide ; 0.020614624023437500, 0.016677856445312500, 0.000259399414062500,  ,  0.583 
k-nucleotide ; 0.000000000000000000, 0.000000000000000000, 0.000000000000000000,  ,  0.636 
k-nucleotide ; 0.023437500000000000, 0.019256591796875000, 0.000274658203125000,  ,  0.597 
k-nucleotide ; 0.000000000000000000, 0.000000000000000000, 0.000000000000000000,  ,  0.584 
k-nucleotide ; 0.021270751953125000, 0.017288208007812500, 0.000259399414062500,  ,  0.592 
k-nucleotide ; 0.021011352539062500, 0.016983032226562500, 0.000259399414062500,  ,  0.581 
k-nucleotide ; 0.000000000000000000, 0.000000000000000000, 0.000000000000000000,  ,  0.595 
k-nucleotide ; 0.023590087890625000, 0.019424438476562500, 0.000274658203125000,  ,  0.617 
